20231125101642_3_teayodev,anime robot whispering into the mic
20231125102047_0_beginbot,fun time sunet
20231125102047_1_beginbot,fun time sunet
20231125102048_2_beginbot,fun time sunet
20231125102048_3_beginbot,fun time sunet
20231125102205_0_beginbot,a beautiful sunet palm trees waves ocean lush
20231125102205_1_beginbot,a beautiful sunet palm trees waves ocean lush
20231125102206_2_beginbot,a beautiful sunet palm trees waves ocean lush
20231125102206_3_beginbot,a beautiful sunet palm trees waves ocean lush
20231125102355_0_TcpStream,a happy train
20231125102355_1_TcpStream,a happy train
20231125102356_2_TcpStream,a happy train
20231125102356_3_TcpStream,a happy train
20231126010639_0_beginbot,HDMI cables making a heart
20231126010640_1_beginbot,HDMI cables making a heart
20231126010640_2_beginbot,HDMI cables making a heart
20231126010641_3_beginbot,HDMI cables making a heart
20231126010715_0_Chatt___,Orangutan using a saw to cut a log
20231126010715_1_Chatt___,Orangutan using a saw to cut a log
20231126010716_2_Chatt___,Orangutan using a saw to cut a log
20231126010717_3_Chatt___,Orangutan using a saw to cut a log
20231126011036_0_xxxCyNiC,superhero of coding languages
20231126011036_1_xxxCyNiC,superhero of coding languages
20231126011037_2_xxxCyNiC,superhero of coding languages
20231126011037_3_xxxCyNiC,superhero of coding languages
20231126013347_0_beginbot,graphql god
20231126013348_1_beginbot,graphql god
20231126013348_2_beginbot,graphql god
20231126013349_3_beginbot,graphql god
20231126014154_0_mekaate, epic lord of the rings cinematic
20231126014154_1_mekaate, epic lord of the rings cinematic
20231126014155_2_mekaate, epic lord of the rings cinematic
20231126014155_3_mekaate, epic lord of the rings cinematic
20231126014603_0_freedomdao,hosptitals in line at a drivethruhopsitial in 2050 with holographic doctors roboting
20231126014604_1_freedomdao,hosptitals in line at a drivethruhopsitial in 2050 with holographic doctors roboting
20231126014604_2_freedomdao,hosptitals in line at a drivethruhopsitial in 2050 with holographic doctors roboting
20231126014605_3_freedomdao,hosptitals in line at a drivethruhopsitial in 2050 with holographic doctors roboting
20231126014640_0_papadoge108,shiba inus trying to hack a door, 4k, photorealistic
20231126014640_1_papadoge108,shiba inus trying to hack a door, 4k, photorealistic
20231126014641_2_papadoge108,shiba inus trying to hack a door, 4k, photorealistic
20231126014641_3_papadoge108,shiba inus trying to hack a door, 4k, photorealistic
20231126014839_0_papadoge108,fat shiba inu furries trying to hack a bank safe
20231126014840_1_papadoge108,fat shiba inu furries trying to hack a bank safe
20231126014840_2_papadoge108,fat shiba inu furries trying to hack a bank safe
20231126014841_3_papadoge108,fat shiba inu furries trying to hack a bank safe
20231126015234_0_papadoge108,fat shiba inu furries hacking a bank safe, 4k, photorealistic
20231126015234_1_papadoge108,fat shiba inu furries hacking a bank safe, 4k, photorealistic
20231126015235_2_papadoge108,fat shiba inu furries hacking a bank safe, 4k, photorealistic
20231126015235_3_papadoge108,fat shiba inu furries hacking a bank safe, 4k, photorealistic
20231126015412_0_papadoge108,fat rust crab coding AI on a macbook aire, 4k, photorealistic
20231126015413_1_papadoge108,fat rust crab coding AI on a macbook aire, 4k, photorealistic
20231126015413_2_papadoge108,fat rust crab coding AI on a macbook aire, 4k, photorealistic
20231126015414_3_papadoge108,fat rust crab coding AI on a macbook aire, 4k, photorealistic
20231126015516_0_freedomdao,crab eating taco crabhumans+++ humanthatlooklikecrab+++animated++crabusanimatedcrabcracrabbrabcrabbititycrabhuman++++++++++++
20231126015516_1_freedomdao,crab eating taco crabhumans+++ humanthatlooklikecrab+++animated++crabusanimatedcrabcracrabbrabcrabbititycrabhuman++++++++++++
20231126015517_2_freedomdao,crab eating taco crabhumans+++ humanthatlooklikecrab+++animated++crabusanimatedcrabcracrabbrabcrabbititycrabhuman++++++++++++
20231126015517_3_freedomdao,crab eating taco crabhumans+++ humanthatlooklikecrab+++animated++crabusanimatedcrabcracrabbrabcrabbititycrabhuman++++++++++++
20231126015644_0_freedomdao,crab eating taco crabhumans+++ humanthatlooklikecrab+++animated++crabusanimatedcrabcracrabbrabcrabbititycrabhuman++++++++++++ papadoge108: papadoge108: papadoge108:
20231126015644_1_freedomdao,crab eating taco crabhumans+++ humanthatlooklikecrab+++animated++crabusanimatedcrabcracrabbrabcrabbititycrabhuman++++++++++++ papadoge108: papadoge108: papadoge108:
20231126015645_2_freedomdao,crab eating taco crabhumans+++ humanthatlooklikecrab+++animated++crabusanimatedcrabcracrabbrabcrabbititycrabhuman++++++++++++ papadoge108: papadoge108: papadoge108:
20231126015646_3_freedomdao,crab eating taco crabhumans+++ humanthatlooklikecrab+++animated++crabusanimatedcrabcracrabbrabcrabbititycrabhuman++++++++++++ papadoge108: papadoge108: papadoge108:
20231126015733_0_calvincode,ears bleeding
20231126015734_1_calvincode,ears bleeding
20231126015734_2_calvincode,ears bleeding
20231126015735_3_calvincode,ears bleeding
20231126015938_0_papadoge108,cow udders, 4k, photorealistic
20231126015939_1_papadoge108,cow udders, 4k, photorealistic
20231126015939_2_papadoge108,cow udders, 4k, photorealistic
20231126015940_3_papadoge108,cow udders, 4k, photorealistic
20231126020057_0_Basileus__,something that is not sus
20231126020058_1_Basileus__,something that is not sus
20231126020058_2_Basileus__,something that is not sus
20231126020059_3_Basileus__,something that is not sus
20231126022759_0_mekaate,pikachu as a yoga teacher
20231126022800_1_mekaate,pikachu as a yoga teacher
20231126022800_2_mekaate,pikachu as a yoga teacher
20231126022801_3_mekaate,pikachu as a yoga teacher
20231126023036_0_carlvandergeest,thomas the tank engine is god
20231126023037_1_carlvandergeest,thomas the tank engine is god
20231126023037_2_carlvandergeest,thomas the tank engine is god
20231126023038_3_carlvandergeest,thomas the tank engine is god
20231126025227_0_beginbot,Gucci Man in the Jungle
20231126025227_1_beginbot,Gucci Man in the Jungle
20231126025228_2_beginbot,Gucci Man in the Jungle
20231126025228_3_beginbot,Gucci Man in the Jungle
20231126025250_0_znawaz123,Dota 2
20231126025250_1_znawaz123,Dota 2
20231126025251_2_znawaz123,Dota 2
20231126025251_3_znawaz123,Dota 2
20231126025843_0_mekaate,a kitten as a liuetenant
20231126025844_1_mekaate,a kitten as a liuetenant
20231126025844_2_mekaate,a kitten as a liuetenant
20231126025845_3_mekaate,a kitten as a liuetenant
20231126025938_0_The_SoloRogue,a meatball used for catching meatmons, creatures made of minced meat
20231126025939_1_The_SoloRogue,a meatball used for catching meatmons, creatures made of minced meat
20231126025939_2_The_SoloRogue,a meatball used for catching meatmons, creatures made of minced meat
20231126025940_3_The_SoloRogue,a meatball used for catching meatmons, creatures made of minced meat
20231126031638_0_munkk,Nigerian prince in a Star Wars scene, holographic, dramatic
20231126031639_1_munkk,Nigerian prince in a Star Wars scene, holographic, dramatic
20231126031639_2_munkk,Nigerian prince in a Star Wars scene, holographic, dramatic
20231126031640_3_munkk,Nigerian prince in a Star Wars scene, holographic, dramatic
20231126031954_0_beginbot,beautiful world full of keywords
20231126031954_1_beginbot,beautiful world full of keywords
20231126031955_2_beginbot,beautiful world full of keywords
20231126031955_3_beginbot,beautiful world full of keywords
20231126040009_0_carlvandergeest,evil hair
20231126040009_1_carlvandergeest,evil hair
20231126040010_2_carlvandergeest,evil hair
20231126040010_3_carlvandergeest,evil hair
20231126040029_0_beginbot,evil lair
20231126040029_1_beginbot,evil lair
20231126040030_2_beginbot,evil lair
20231126040030_3_beginbot,evil lair
20231126040041_0_calvincode,Hair
20231126040042_1_calvincode,Hair
20231126040043_2_calvincode,Hair
20231126040043_3_calvincode,Hair
20231126040141_0_calvincode,guy on computer with screen illuminating him, in a dark room, and he's got 3000 fingers typing on  a giant keyboard with soda cans and empty chinese food on the ground
20231126040141_1_calvincode,guy on computer with screen illuminating him, in a dark room, and he's got 3000 fingers typing on  a giant keyboard with soda cans and empty chinese food on the ground
20231126040142_2_calvincode,guy on computer with screen illuminating him, in a dark room, and he's got 3000 fingers typing on  a giant keyboard with soda cans and empty chinese food on the ground
20231126040143_3_calvincode,guy on computer with screen illuminating him, in a dark room, and he's got 3000 fingers typing on  a giant keyboard with soda cans and empty chinese food on the ground
20231126044756_0_NyxKrage,python snake in a box being shipped by amazon going up in flames, photorealistic, dramatic lighting
20231126044757_1_NyxKrage,python snake in a box being shipped by amazon going up in flames, photorealistic, dramatic lighting
20231126044757_2_NyxKrage,python snake in a box being shipped by amazon going up in flames, photorealistic, dramatic lighting
20231126044758_3_NyxKrage,python snake in a box being shipped by amazon going up in flames, photorealistic, dramatic lighting
20231126045552_0_carlvandergeest,spaghetti and vitamin pills
20231126045553_1_carlvandergeest,spaghetti and vitamin pills
20231126045553_2_carlvandergeest,spaghetti and vitamin pills
20231126045554_3_carlvandergeest,spaghetti and vitamin pills
20231126045847_0_xxxCyNiC,throne made out of diamonds and macaroni and cheese, sparkling with beauty
20231126045848_1_xxxCyNiC,throne made out of diamonds and macaroni and cheese, sparkling with beauty
20231126045848_2_xxxCyNiC,throne made out of diamonds and macaroni and cheese, sparkling with beauty
20231126045849_3_xxxCyNiC,throne made out of diamonds and macaroni and cheese, sparkling with beauty
20231126045940_0_xxxCyNiC,a chair made out of diamonds and macaroni and cheese, sparkling with beauty
20231126045941_1_xxxCyNiC,a chair made out of diamonds and macaroni and cheese, sparkling with beauty
20231126045941_2_xxxCyNiC,a chair made out of diamonds and macaroni and cheese, sparkling with beauty
20231126045941_3_xxxCyNiC,a chair made out of diamonds and macaroni and cheese, sparkling with beauty
20231126050009_0_carlvandergeest,&ndgate corporate headquarters made completely out of macaroni and cheese, sparkling with beauty
20231126050010_1_carlvandergeest,&ndgate corporate headquarters made completely out of macaroni and cheese, sparkling with beauty
20231126050010_2_carlvandergeest,&ndgate corporate headquarters made completely out of macaroni and cheese, sparkling with beauty
20231126050011_3_carlvandergeest,&ndgate corporate headquarters made completely out of macaroni and cheese, sparkling with beauty
20231126050020_0_xxxCyNiC,begin navigating his spaceship back to twitch from his home planet
20231126050021_1_xxxCyNiC,begin navigating his spaceship back to twitch from his home planet
20231126050021_2_xxxCyNiC,begin navigating his spaceship back to twitch from his home planet
20231126050022_3_xxxCyNiC,begin navigating his spaceship back to twitch from his home planet
20231126050148_0_xxxCyNiC,detailed image of alien begin riding in the basket on the handlebars of a child's bike that he is currently biking thru the air in front of the full moon
20231126050149_1_xxxCyNiC,detailed image of alien begin riding in the basket on the handlebars of a child's bike that he is currently biking thru the air in front of the full moon
20231126050150_2_xxxCyNiC,detailed image of alien begin riding in the basket on the handlebars of a child's bike that he is currently biking thru the air in front of the full moon
20231126050150_3_xxxCyNiC,detailed image of alien begin riding in the basket on the handlebars of a child's bike that he is currently biking thru the air in front of the full moon
20231126050342_0_xxxCyNiC,highly detailed alien space ship flying in space
20231126050342_1_xxxCyNiC,highly detailed alien space ship flying in space
20231126050343_2_xxxCyNiC,highly detailed alien space ship flying in space
20231126050343_3_xxxCyNiC,highly detailed alien space ship flying in space
20231126050439_0_wickynebb,serene waterfall
20231126050439_1_wickynebb,serene waterfall
20231126050440_2_wickynebb,serene waterfall
20231126050440_3_wickynebb,serene waterfall
20231126051913_0_TcpStream,a psychedelic amazonian utopia
20231126051913_1_TcpStream,a psychedelic amazonian utopia
20231126051915_2_TcpStream,a psychedelic amazonian utopia
20231126051915_3_TcpStream,a psychedelic amazonian utopia
20231127021839_0_carlvandergeest,star trek knock off
20231127021839_1_carlvandergeest,star trek knock off
20231127021840_2_carlvandergeest,star trek knock off
20231127021840_3_carlvandergeest,star trek knock off
20231127022431_0_calvincode,holiday card ideas for nerds, blank, stationary
20231127022432_1_calvincode,holiday card ideas for nerds, blank, stationary
20231127022432_2_calvincode,holiday card ideas for nerds, blank, stationary
20231127022433_3_calvincode,holiday card ideas for nerds, blank, stationary
20231127023307_0_jmpy_91,a lucifer dressed as penguin
20231127023308_1_jmpy_91,a lucifer dressed as penguin
20231127023308_2_jmpy_91,a lucifer dressed as penguin
20231127023309_3_jmpy_91,a lucifer dressed as penguin
20231127024302_0_calvincode,satan surrounded by computers, in neo tokyo, cyberpunk, neorealism
20231127024302_1_calvincode,satan surrounded by computers, in neo tokyo, cyberpunk, neorealism
20231127024303_2_calvincode,satan surrounded by computers, in neo tokyo, cyberpunk, neorealism
20231127024303_3_calvincode,satan surrounded by computers, in neo tokyo, cyberpunk, neorealism
20231127034821_0_munkk,big head programmer streaming on twitch
20231127034822_1_munkk,big head programmer streaming on twitch
20231127034822_2_munkk,big head programmer streaming on twitch
20231127034823_3_munkk,big head programmer streaming on twitch
20231127034957_0_carlvandergeest,octopus streaming on twitch
20231127034958_1_carlvandergeest,octopus streaming on twitch
20231127034959_2_carlvandergeest,octopus streaming on twitch
20231127034959_3_carlvandergeest,octopus streaming on twitch
20231127035033_0_The_SoloRogue,sweater made of moms spaghetti
20231127035034_1_The_SoloRogue,sweater made of moms spaghetti
20231127035035_2_The_SoloRogue,sweater made of moms spaghetti
20231127035035_3_The_SoloRogue,sweater made of moms spaghetti
20231127040448_0_The_SoloRogue,a giant seagull stomping about in the burger king parking lot
20231127040448_1_The_SoloRogue,a giant seagull stomping about in the burger king parking lot
20231127040449_2_The_SoloRogue,a giant seagull stomping about in the burger king parking lot
20231127040449_3_The_SoloRogue,a giant seagull stomping about in the burger king parking lot
20231127041637_0_beginbot,LSD octopus Art wild sea
20231127041637_1_beginbot,LSD octopus Art wild sea
20231127041638_2_beginbot,LSD octopus Art wild sea
20231127041639_3_beginbot,LSD octopus Art wild sea
20231127041709_0_beginbot,real octopus 4K
20231127041709_1_beginbot,real octopus 4K
20231127041710_2_beginbot,real octopus 4K
20231127041711_3_beginbot,real octopus 4K
20231127042119_0_papadoge108,fat furries dressed as doge hacking a door, 4k, photorealistic
20231127042119_1_papadoge108,fat furries dressed as doge hacking a door, 4k, photorealistic
20231127042120_2_papadoge108,fat furries dressed as doge hacking a door, 4k, photorealistic
20231127042120_3_papadoge108,fat furries dressed as doge hacking a door, 4k, photorealistic
20231127201933_0_zanuss,pots and pans
20231127201934_1_zanuss,pots and pans
20231127201934_2_zanuss,pots and pans
20231127201935_3_zanuss,pots and pans
20231127201956_0_beginbot,Bears in cool outfits made of clay
20231127201956_1_beginbot,Bears in cool outfits made of clay
20231127201957_2_beginbot,Bears in cool outfits made of clay
20231127201957_3_beginbot,Bears in cool outfits made of clay
20231127202021_0_turt1ebyte,a turtle smoking from a pipe with a studio Ghibli art style
20231127202022_1_turt1ebyte,a turtle smoking from a pipe with a studio Ghibli art style
20231127202022_2_turt1ebyte,a turtle smoking from a pipe with a studio Ghibli art style
20231127202023_3_turt1ebyte,a turtle smoking from a pipe with a studio Ghibli art style
20231127202044_0_zanuss,Aardman Animations ran out of clay so they use paper instead
20231127202044_1_zanuss,Aardman Animations ran out of clay so they use paper instead
20231127202045_2_zanuss,Aardman Animations ran out of clay so they use paper instead
20231127202045_3_zanuss,Aardman Animations ran out of clay so they use paper instead
20231127202252_0_adheus,dolly the sheep in space art
20231127202252_1_adheus,dolly the sheep in space art
20231127202253_2_adheus,dolly the sheep in space art
20231127202253_3_adheus,dolly the sheep in space art
20231127202430_0_zanuss,wallace and gromit made of cheese visit the moon made of clay
20231127202431_1_zanuss,wallace and gromit made of cheese visit the moon made of clay
20231127202431_2_zanuss,wallace and gromit made of cheese visit the moon made of clay
20231127202432_3_zanuss,wallace and gromit made of cheese visit the moon made of clay
20231127204244_0_npv0,depressed toes looking over a field of roses in the rain
20231127204244_1_npv0,depressed toes looking over a field of roses in the rain
20231127204245_2_npv0,depressed toes looking over a field of roses in the rain
20231127204245_3_npv0,depressed toes looking over a field of roses in the rain
